Timestamp(ms),timestamp,FlightMode,drone_sn,mac_address,GPS_Date,GPS_Time,Latitude,Longitude,SenseLat,SenseLong,MethaneOffset,Velocity,Vertical Cmd,avgDisToGnd_m,droneAltitude,CO2,CH4,Gas State,Waypoint
1656092310928,44736.73508,1,0670128622,88:6B:0F:A6:E6:2F,0,0,42.406364441,-83.564582825,42.406364441,-83.564582825,7.1500000954,0.052792672068,1.5,4.8886270523,242.35310364,0,0,2,-1
1656092311262,44736.735084,1,0670128622,88:6B:0F:A6:E6:2F,0,0,42.406364441,-83.564582825,42.406364441,-83.564582825,7.1500000954,0.029837198555,1.5,4.9199666977,242.56446838,0,0,2,-1
1656092311605,44736.735088,1,0670128622,88:6B:0F:A6:E6:2F,0,0,42.406368256,-83.564582825,42.406364441,-83.564582825,7.1500000954,0.13699553907,1.5,5.0568842888,242.68682861,0,0,2,-1
1656092311913,44736.735092,1,0670128622,88:6B:0F:A6:E6:2F,0,0,42.406368256,-83.564582825,42.406364441,-83.564582825,7.1500000954,0.15212100744,1.5,5.9241466522,242.84764099,0,0,2,-1
1656092312258,44736.735096,1,0670128622,88:6B:0F:A6:E6:2F,0,0,42.406368256,-83.564582825,42.406364441,-83.564575195,7.1500000954,0.13925176859,1.5,4.2312364578,243.56460571,0,0,2,-1
1656092312593,44736.735099,1,0670128622,88:6B:0F:A6:E6:2F,0,0,42.406368256,-83.564582825,42.406364441,-83.564575195,7.1500000954,0.13507273793,1.5,7.2765469551,244.04997253,0,0,2,-1
1656092312927,44736.735103,1,0670128622,88:6B:0F:A6:E6:2F,0,0,42.406368256,-83.564582825,42.406360626,-83.564575195,7.1500000954,0.098336488008,1.5,7.3593606949,245.13587952,0,0,2,-1
1656092313261,44736.735107,1,0670128622,88:6B:0F:A6:E6:2F,0,0,42.40637207,-83.564582825,42.406364441,-83.564575195,7.1500000954,0.13076865673,1.5,7.6201729774,244.91850281,0,0,2,-1
1656092324934,44736.735242,1,0670128622,88:6B:0F:A6:E6:2F,0,0,42.406269073,-83.56439209,42.40637207,-83.564582825,7.1500000954,3.8234276772,1.5,7.6569004059,247.96122742,0,0,2,-1
1656092325269,44736.735246,1,0670128622,88:6B:0F:A6:E6:2F,0,0,42.406269073,-83.564376831,42.40637207,-83.564582825,7.1500000954,3.4385919571,1.5,7.6090731621,248.43017578,0,0,2,-1
1656092334624,44736.735354,1,0670128622,88:6B:0F:A6:E6:2F,0,0,42.406272888,-83.564308167,42.406265259,-83.564315796,7.1500000954,0.093702547252,-1.5,7.8698883057,247.09501648,0,0,2,-1
1656092335274,44736.735362,1,0670128622,88:6B:0F:A6:E6:2F,0,0,42.406272888,-83.564308167,42.406265259,-83.564308167,7.1500000954,0.22960817814,-1.5,7.2495107651,245.96183777,0,0,2,-1
1656092335609,44736.735366,1,0670128622,88:6B:0F:A6:E6:2F,0,0,42.406272888,-83.564308167,42.406265259,-83.564308167,7.1500000954,0.26573982835,-1.5,7.159219265,244.68292236,0,0,2,-1
1656092335949,44736.73537,1,0670128622,88:6B:0F:A6:E6:2F,0,0,42.406272888,-83.564308167,42.406265259,-83.564308167,7.1500000954,0.32119500637,-1.0723150969,6.7608160973,243.72537231,0,0,2,-1
1656092336258,44736.735373,1,0670128622,88:6B:0F:A6:E6:2F,0,0,42.406272888,-83.564315796,42.406265259,-83.564308167,7.1500000954,0.18638275564,-0.36284357309,6.3357620239,244.74562073,0,0,2,-1
1656092336616,44736.735378,1,0670128622,88:6B:0F:A6:E6:2F,0,0,42.406276703,-83.564315796,42.406265259,-83.564308167,7.1500000954,0.44219446182,0.56155049801,5.7540864944,244.36343384,0,0,2,-1
1656092336925,44736.735381,1,0670128622,88:6B:0F:A6:E6:2F,0,0,42.406276703,-83.564308167,42.406265259,-83.564308167,7.1500000954,1.7824292183,0.48520886898,5.690557003,244.64349365,0,0,2,-1
1656092337259,44736.735385,1,0670128622,88:6B:0F:A6:E6:2F,0,0,42.406276703,-83.564292908,42.406265259,-83.564308167,7.1500000954,2.844294548,0.21204079688,5.8164544106,244.49992371,0,0,2,-1
1656092337619,44736.735389,1,0670128622,88:6B:0F:A6:E6:2F,0,0,42.406276703,-83.564277649,42.406265259,-83.564308167,7.1500000954,2.9972038269,0.16067153215,5.8246603012,243.9336853,0,0,2,-1
1656092337929,44736.735393,1,0670128622,88:6B:0F:A6:E6:2F,0,0,42.406272888,-83.56427002,42.406265259,-83.564300537,7.1500000954,3.0105752945,0.17220379412,5.8840870857,244.53125,0,0,2,-1
1656092338263,44736.735397,1,0670128622,88:6B:0F:A6:E6:2F,0,0,42.406269073,-83.564254761,42.406265259,-83.564300537,7.1500000954,3.0658774376,-0.036904856563,6.0120124817,244.5231781,0,0,2,-1
1656092338621,44736.735401,1,0670128622,88:6B:0F:A6:E6:2F,0,0,42.406269073,-83.564247131,42.406269073,-83.564300537,7.1500000954,3.1304209232,-0.14412617683,6.0808768272,244.44329834,0,0,2,-1
1656092338930,44736.735404,1,0670128622,88:6B:0F:A6:E6:2F,0,0,42.406269073,-83.564231873,42.406269073,-83.564300537,7.1500000954,3.2151751518,-0.24788992107,6.1499962807,244.23602295,0,0,2,-1
1656092339264,44736.735408,1,0670128622,88:6B:0F:A6:E6:2F,0,0,42.406269073,-83.564224243,42.406269073,-83.564300537,7.1500000954,3.300330162,-0.25753507018,6.1677660942,244.15107727,0,0,2,-1
1656092339598,44736.735412,1,0670128622,88:6B:0F:A6:E6:2F,0,0,42.406269073,-83.564208984,42.406269073,-83.564300537,7.1500000954,3.3436033726,-0.28002086282,6.1879415512,244.5403595,0,0,2,-1
1656092339933,44736.735416,1,0670128622,88:6B:0F:A6:E6:2F,0,0,42.406269073,-83.564193726,42.406269073,-83.564300537,7.1500000954,3.4218888283,-0.2625041306,6.1773433685,244.00547791,0,0,2,-1
1656092340269,44736.73542,1,0670128622,88:6B:0F:A6:E6:2F,0,0,42.406269073,-83.564178467,42.406269073,-83.564308167,7.1500000954,3.4572453499,-0.20696824789,6.1450991631,243.89930725,0,0,2,-1
1656092340603,44736.735424,1,0670128622,88:6B:0F:A6:E6:2F,0,0,42.406265259,-83.564170837,42.406269073,-83.564308167,7.1500000954,3.4935562611,0.10139539093,5.9684829712,244.41699219,0,0,2,-1
1656092340937,44736.735428,1,0670128622,88:6B:0F:A6:E6:2F,0,0,42.406265259,-83.564155579,42.406272888,-83.564308167,7.1500000954,3.4578378201,0.18147136271,5.8952021599,244.5403595,0,0,2,-1
1656092341270,44736.735431,1,0670128622,88:6B:0F:A6:E6:2F,0,0,42.406261444,-83.56414032,42.406272888,-83.564308167,7.1500000954,3.5236001015,0.24085269868,5.8495197296,244.32196045,0,0,2,-1
1656092341615,44736.735435,1,0670128622,88:6B:0F:A6:E6:2F,0,0,42.406261444,-83.564125061,42.406272888,-83.564308167,7.1500000954,3.5293433666,0.21957808733,5.8488974571,244.39982605,0,0,2,-1
1656092341949,44736.735439,1,0670128622,88:6B:0F:A6:E6:2F,0,0,42.406261444,-83.564109802,42.406272888,-83.564308167,7.1500000954,3.5091810226,0.13751606643,5.8975734711,244.47462463,0,0,2,-1
1656092342262,44736.735443,1,0670128622,88:6B:0F:A6:E6:2F,0,0,42.406261444,-83.564094543,42.406272888,-83.564308167,7.1500000954,3.4415209293,0.098178595304,5.9278593063,244.60404968,0,0,2,-1
1656092342628,44736.735447,1,0670128622,88:6B:0F:A6:E6:2F,0,0,42.406261444,-83.564079285,42.406272888,-83.564308167,7.1500000954,3.3803021908,0.046195361763,5.9617247581,244.53733826,0,0,2,-1
1656092342937,44736.735451,1,0670128622,88:6B:0F:A6:E6:2F,0,0,42.406261444,-83.564071655,42.406272888,-83.564308167,7.1500000954,3.3858304024,-0.31205889583,6.198325634,244.38970947,0,0,2,-1
1656092343270,44736.735455,1,0670128622,88:6B:0F:A6:E6:2F,0,0,42.406261444,-83.564056396,42.406272888,-83.564315796,7.1500000954,3.3828692436,-0.41089507937,6.2602543831,244.40791321,0,0,2,-1
1656092343610,44736.735458,1,0670128622,88:6B:0F:A6:E6:2F,0,0,42.406261444,-83.564041138,42.406276703,-83.564315796,7.1500000954,3.3919067383,-0.35132908821,6.2389287949,244.55755615,0,0,2,-1
1656092343943,44736.735462,1,0670128622,88:6B:0F:A6:E6:2F,0,0,42.406261444,-83.564025879,42.406276703,-83.564308167,7.1500000954,3.2709133625,-0.26889017224,6.1789507866,244.6030426,0,0,2,-1
1656092344259,44736.735466,1,0670128622,88:6B:0F:A6:E6:2F,0,0,42.406261444,-83.56401825,42.406276703,-83.564292908,7.1500000954,3.3391194344,-0.32029515505,6.2072753906,244.58787537,0,0,2,-1
1656092344618,44736.73547,1,0670128622,88:6B:0F:A6:E6:2F,0,0,42.406261444,-83.564002991,42.406276703,-83.564277649,7.1500000954,3.3726229668,-0.13558095694,6.1115307808,244.65663147,0,0,2,-1
1656092344928,44736.735474,1,0670128622,88:6B:0F:A6:E6:2F,0,0,42.406261444,-83.563987732,42.406272888,-83.56427002,7.1500000954,3.3662912846,0.26602357626,5.8749055862,244.54238892,0,0,2,-1
1656092345263,44736.735478,1,0670128622,88:6B:0F:A6:E6:2F,0,0,42.406261444,-83.563972473,42.406269073,-83.564254761,7.1500000954,3.4171056747,0.27002644539,5.8195648193,244.58081055,0,0,2,-1
1656092345622,44736.735482,1,0670128622,88:6B:0F:A6:E6:2F,0,0,42.406261444,-83.563957214,42.406269073,-83.564247131,7.1500000954,3.4351549149,0.24181500077,5.8353123665,244.63339233,0,0,2,-1
1656092345931,44736.735485,1,0670128622,88:6B:0F:A6:E6:2F,0,0,42.406261444,-83.563941956,42.406269073,-83.564231873,7.1500000954,3.4921853542,0.17736625671,5.8733549118,244.17028809,0,0,2,-1
1656092346264,44736.735489,1,0670128622,88:6B:0F:A6:E6:2F,0,0,42.406261444,-83.563934326,42.406269073,-83.564224243,7.1500000954,3.4792339802,0.14947424829,5.8954672813,244.63439941,0,0,2,-1
1656092346623,44736.735493,1,0670128622,88:6B:0F:A6:E6:2F,0,0,42.406261444,-83.563919067,42.406269073,-83.564208984,7.1500000954,3.491111517,0.027312295511,5.9714698792,244.4513855,0,0,2,-1
1656092346932,44736.735497,1,0670128622,88:6B:0F:A6:E6:2F,0,0,42.406265259,-83.563903809,42.406269073,-83.564193726,7.1500000954,3.5720145702,-0.075412847102,6.0360202789,244.51408386,0,0,2,-1
1656092347266,44736.735501,1,0670128622,88:6B:0F:A6:E6:2F,0,0,42.406265259,-83.56388855,42.406269073,-83.564178467,7.1500000954,3.519964695,-0.082452043891,6.0515408516,244.16624451,0,0,2,-1
1656092347625,44736.735505,1,0670128622,88:6B:0F:A6:E6:2F,0,0,42.406265259,-83.563873291,42.406265259,-83.564170837,7.1500000954,3.5205960274,-0.044155951589,6.0355701447,244.54844666,0,0,2,-1
1656092347934,44736.735508,1,0670128622,88:6B:0F:A6:E6:2F,0,0,42.406265259,-83.563858032,42.406265259,-83.564155579,7.1500000954,3.468667984,0.049314133823,5.9795050621,244.30577087,0,0,2,-1
1656092348268,44736.735512,1,0670128622,88:6B:0F:A6:E6:2F,0,0,42.406265259,-83.563842773,42.406261444,-83.56414032,7.1500000954,3.4818017483,0.14212229848,5.9186830521,244.4281311,0,0,2,-1
1656092348627,44736.735517,1,0670128622,88:6B:0F:A6:E6:2F,0,0,42.406265259,-83.563827515,42.406261444,-83.564125061,7.1500000954,3.4666223526,0.29032960534,5.8176374435,244.95085144,0,0,2,-1
1656092348936,44736.73552,1,0670128622,88:6B:0F:A6:E6:2F,0,0,42.406265259,-83.563819885,42.406261444,-83.564109802,7.1500000954,3.460798502,0.32711064816,5.7883858681,244.82751465,0,0,2,-1
1656092349279,44736.735524,1,0670128622,88:6B:0F:A6:E6:2F,0,0,42.406265259,-83.563804626,42.406261444,-83.564094543,7.1500000954,3.4923563004,0.3420189023,5.7749538422,244.63237,0,0,2,-1
1656092349644,44736.735528,1,0670128622,88:6B:0F:A6:E6:2F,0,0,42.406265259,-83.563789368,42.406261444,-83.564079285,7.1500000954,3.4449460506,0.23713114858,5.8303771019,244.82142639,0,0,2,-1
1656092349933,44736.735532,1,0670128622,88:6B:0F:A6:E6:2F,0,0,42.406269073,-83.563774109,42.406261444,-83.564071655,7.1500000954,3.4169466496,0.08190536499,5.9245910645,245.3026886,0,0,2,-1
1656092350267,44736.735535,1,0670128622,88:6B:0F:A6:E6:2F,0,0,42.406269073,-83.563766479,42.406261444,-83.564056396,7.1500000954,3.3719265461,-0.095910772681,6.0387339592,244.57272339,0,0,2,-1
1656092350634,44736.73554,1,0670128622,88:6B:0F:A6:E6:2F,0,0,42.406272888,-83.563751221,42.406261444,-83.564041138,7.1500000954,3.3793985844,-0.1133884117,6.0689249039,244.56967163,0,0,2,-1
1656092350943,44736.735543,1,0670128622,88:6B:0F:A6:E6:2F,0,0,42.406272888,-83.563735962,42.406261444,-83.564025879,7.1500000954,3.2958612442,0.02120526135,6.002635479,244.46655273,0,0,2,-1
1656092351277,44736.735547,1,0670128622,88:6B:0F:A6:E6:2F,0,0,42.406272888,-83.563720703,42.406261444,-83.56401825,7.1500000954,3.2689561844,0.10495068878,5.9431657791,244.39172363,0,0,2,-1
1656092351636,44736.735551,1,0670128622,88:6B:0F:A6:E6:2F,0,0,42.406272888,-83.563713074,42.406261444,-83.564002991,7.1500000954,3.2789049149,0.15139581263,5.9070458412,244.22892761,0,0,2,-1
1656092351944,44736.735555,1,0670128622,88:6B:0F:A6:E6:2F,0,0,42.406276703,-83.563697815,42.406261444,-83.563987732,7.1500000954,3.3097424507,0.19916917384,5.8744244576,244.59294128,0,0,2,-1
1656092352278,44736.735559,1,0670128622,88:6B:0F:A6:E6:2F,0,0,42.406276703,-83.563682556,42.406261444,-83.563972473,7.1500000954,3.3568387032,0.16230849922,5.8881754875,244.65260315,0,0,2,-1
1656092352638,44736.735563,1,0670128622,88:6B:0F:A6:E6:2F,0,0,42.406276703,-83.563667297,42.406261444,-83.563957214,7.1500000954,3.4308636189,0.14372219145,5.901289463,244.53125,0,0,2,-1
1656092352947,44736.735567,1,0670128622,88:6B:0F:A6:E6:2F,0,0,42.406276703,-83.563652039,42.406261444,-83.563941956,7.1500000954,3.4472391605,0.13107678294,5.9105668068,244.81536865,0,0,2,-1
1656092353281,44736.73557,1,0670128622,88:6B:0F:A6:E6:2F,0,0,42.406276703,-83.563644409,42.406261444,-83.563934326,7.1500000954,3.427397728,0.12781132758,5.9127030373,244.63035583,0,0,2,-1
1656092353646,44736.735575,1,0670128622,88:6B:0F:A6:E6:2F,0,0,42.406276703,-83.56362915,42.406261444,-83.563919067,7.1500000954,3.416059494,0.090655878186,5.9347043037,244.82447815,0,0,2,-1
1656092353934,44736.735578,1,0670128622,88:6B:0F:A6:E6:2F,0,0,42.406276703,-83.563613892,42.406265259,-83.563903809,7.1500000954,3.4477443695,0.067838862538,5.9511437416,245.17732239,0,0,2,-1
1656092354268,44736.735582,1,0670128622,88:6B:0F:A6:E6:2F,0,0,42.406276703,-83.563598633,42.406265259,-83.56388855,7.1500000954,3.445451498,0.077164813876,5.9490246773,244.85177612,0,0,2,-1
1656092354627,44736.735586,1,0670128622,88:6B:0F:A6:E6:2F,0,0,42.406280518,-83.563583374,42.406265259,-83.563873291,7.1500000954,3.4305586815,-0.0024889195338,5.9928517342,244.41093445,0,0,2,-1
1656092354936,44736.73559,1,0670128622,88:6B:0F:A6:E6:2F,0,0,42.406280518,-83.563575745,42.406265259,-83.563858032,7.1500000954,3.4821941853,-0.10214154422,6.0544838905,244.91041565,0,0,2,-1
1656092355271,44736.735593,1,0670128622,88:6B:0F:A6:E6:2F,0,0,42.406280518,-83.563560486,42.406265259,-83.563842773,7.1500000954,3.5320487022,-0.048963855952,6.0365934372,245.19148254,0,0,2,-1
1656092355629,44736.735598,1,0670128622,88:6B:0F:A6:E6:2F,0,0,42.406280518,-83.563545227,42.406265259,-83.563827515,7.1500000954,3.458823204,-0.033998303115,6.0185098648,245.23799133,0,0,2,-1
1656092355938,44736.735601,1,0670128622,88:6B:0F:A6:E6:2F,0,0,42.406280518,-83.563529968,42.406265259,-83.563819885,7.1500000954,3.5006773472,-0.065484054387,6.0391073227,244.61720276,0,0,2,-1
1656092356272,44736.735605,1,0670128622,88:6B:0F:A6:E6:2F,0,0,42.406280518,-83.563514709,42.406265259,-83.563804626,7.1500000954,3.4770543575,-0.014733640477,6.0151195526,245.4058075,0,0,2,-1
1656092356662,44736.73561,1,0670128622,88:6B:0F:A6:E6:2F,0,0,42.406280518,-83.563499451,42.406265259,-83.563789368,7.1500000954,3.4077556133,-0.059901893139,6.0339012146,244.82751465,0,0,2,-1
1656092356946,44736.735613,1,0670128622,88:6B:0F:A6:E6:2F,0,0,42.406280518,-83.563491821,42.406269073,-83.563774109,7.1500000954,3.4079887867,-0.077458932996,6.0484309196,245.00241089,0,0,2,-1
1656092357280,44736.735617,1,0670128622,88:6B:0F:A6:E6:2F,0,0,42.406284332,-83.563476562,42.406269073,-83.563766479,7.1500000954,3.3942496777,-0.10273760557,6.0648627281,245.03578186,0,0,2,-1
1656092357646,44736.735621,1,0670128622,88:6B:0F:A6:E6:2F,0,0,42.406284332,-83.563461304,42.406272888,-83.563751221,7.1500000954,3.3735904694,-0.0073819141835,6.0157637596,244.97814941,0,0,2,-1
1656092357961,44736.735625,1,0670128622,88:6B:0F:A6:E6:2F,0,0,42.406284332,-83.563453674,42.406272888,-83.563735962,7.1500000954,3.3350260258,0.13037350774,5.9202394485,245.2915802,0,0,2,-1
1656092358270,44736.735628,1,0670128622,88:6B:0F:A6:E6:2F,0,0,42.406284332,-83.563438416,42.406272888,-83.563720703,7.1500000954,3.2909588814,0.16562652588,5.8951277733,244.93266296,0,0,2,-1
1656092358628,44736.735632,1,0670128622,88:6B:0F:A6:E6:2F,0,0,42.406284332,-83.563423157,42.406272888,-83.563713074,7.1500000954,3.2894711494,0.11979924887,5.9156103134,245.52005005,0,0,2,-1
1656092358937,44736.735636,1,0670128622,88:6B:0F:A6:E6:2F,0,0,42.406288147,-83.563407898,42.406276703,-83.563697815,7.1500000954,3.3080034256,0.031159142032,5.9677195549,245.23799133,0,0,2,-1
1656092359271,44736.73564,1,0670128622,88:6B:0F:A6:E6:2F,0,0,42.406288147,-83.563392639,42.406276703,-83.563682556,7.1500000954,3.2872092724,-0.2036844641,6.1149811745,244.9619751,0,0,2,-1
1656092359630,44736.735644,1,0670128622,88:6B:0F:A6:E6:2F,0,0,42.406291962,-83.56338501,42.406276703,-83.563667297,7.1500000954,3.3138699532,-0.35086679459,6.2123980522,245.32695007,0,0,2,-1
1656092359938,44736.735647,1,0670128622,88:6B:0F:A6:E6:2F,0,0,42.406291962,-83.563369751,42.406276703,-83.563652039,7.1500000954,3.3708024025,-0.3276155293,6.2173228264,245.32795715,0,0,2,-1
1656092360272,44736.735651,1,0670128622,88:6B:0F:A6:E6:2F,0,0,42.406295776,-83.563354492,42.406276703,-83.563644409,7.1500000954,3.3446953297,-0.23193596303,6.1603879929,245.1166687,0,0,2,-1
1656092360631,44736.735655,1,0670128622,88:6B:0F:A6:E6:2F,0,0,42.406299591,-83.563339233,42.406276703,-83.56362915,7.1500000954,3.2728779316,-0.20782367885,6.1424994469,245.32998657,0,0,2,-1
1656092360950,44736.735659,1,0670128622,88:6B:0F:A6:E6:2F,0,0,42.406299591,-83.563331604,42.406276703,-83.563613892,7.1500000954,3.2709114552,-0.20899885893,6.1399054527,245.35221863,0,0,2,-1
1656092361283,44736.735663,1,0670128622,88:6B:0F:A6:E6:2F,0,0,42.406303406,-83.563316345,42.406276703,-83.563598633,7.1500000954,3.2828185558,-0.16898678243,6.1175866127,244.73347473,0,0,2,-1
1656092361648,44736.735667,1,0670128622,88:6B:0F:A6:E6:2F,0,0,42.406303406,-83.563301086,42.406280518,-83.563583374,7.1500000954,3.3411462307,-0.1082297191,6.0788850784,245.01353455,0,0,2,-1
1656092361963,44736.735671,1,0670128622,88:6B:0F:A6:E6:2F,0,0,42.406303406,-83.563285828,42.406280518,-83.563575745,7.1500000954,3.3720986843,-0.016229804605,6.0231318474,244.94883728,0,0,2,-1
1656092362280,44736.735675,1,0670128622,88:6B:0F:A6:E6:2F,0,0,42.40630722,-83.563278198,42.406280518,-83.563560486,7.1500000954,3.3788380623,0.039846364409,5.9824252129,245.14801025,0,0,2,-1
1656092362639,44736.735679,1,0670128622,88:6B:0F:A6:E6:2F,0,0,42.40630722,-83.563262939,42.406280518,-83.563545227,7.1500000954,3.3695857525,0.11291056871,5.9288282394,245.08026123,0,0,2,-1
1656092362948,44736.735682,1,0670128622,88:6B:0F:A6:E6:2F,0,0,42.40630722,-83.563247681,42.406280518,-83.563529968,7.1500000954,3.2785754204,0.094964623451,5.9352679253,244.63945007,0,0,2,-1
1656092363285,44736.735686,1,0670128622,88:6B:0F:A6:E6:2F,0,0,42.406303406,-83.563240051,42.406280518,-83.563514709,7.1500000954,2.8713412285,-0.19429458678,6.0943903923,244.86390686,0,0,2,-1
1656092363650,44736.73569,1,0670128622,88:6B:0F:A6:E6:2F,0,0,42.406295776,-83.563232422,42.406280518,-83.563499451,7.1500000954,1.995568037,0.63263833523,5.6672258377,244.96299744,0,0,2,-1
1656092363965,44736.735694,1,0670128622,88:6B:0F:A6:E6:2F,0,0,42.406291962,-83.563232422,42.406280518,-83.563491821,7.1500000954,1.0077927113,0.62085813284,5.6007699966,245.02972412,0,0,2,-1
1656092364273,44736.735698,1,0670128622,88:6B:0F:A6:E6:2F,0,0,42.406291962,-83.563240051,42.406284332,-83.563476562,7.1500000954,1.2130947113,0.49257594347,5.6588010788,244.81335449,0,0,2,-1
1656092364615,44736.735702,1,0670128622,88:6B:0F:A6:E6:2F,0,0,42.406295776,-83.563247681,42.406284332,-83.563461304,7.1500000954,2.4726178646,0.079079672694,5.8950977325,244.80526733,0,0,2,-1
1656092364948,44736.735705,1,0670128622,88:6B:0F:A6:E6:2F,0,0,42.406299591,-83.563262939,42.406284332,-83.563453674,7.1500000954,3.0973315239,0.39324778318,5.7531137466,244.98725891,0,2.8285861015,2,-1
1656092365282,44736.735709,1,0670128622,88:6B:0F:A6:E6:2F,0,0,42.406303406,-83.563270569,42.406284332,-83.563438416,7.1500000954,3.3897447586,0.032404780388,5.9376459122,244.41296387,0,5.43618536,2,-1
1656092365616,44736.735713,1,0670128622,88:6B:0F:A6:E6:2F,0,0,42.406303406,-83.563285828,42.406284332,-83.563423157,7.1500000954,3.4230523109,-0.056909807026,6.019797802,245.49073792,0,10.26680088,2,-1
1656092365950,44736.735717,1,0670128622,88:6B:0F:A6:E6:2F,0,0,42.406299591,-83.563301086,42.406288147,-83.563407898,7.1500000954,3.4143307209,-0.33922699094,6.1888246536,244.99836731,0,17.733379364,2,-1
1656092366283,44736.735721,1,0670128622,88:6B:0F:A6:E6:2F,0,0,42.406295776,-83.563308716,42.406288147,-83.563392639,7.1500000954,3.444081068,-0.28268074989,6.2062554359,245.14294434,0,27.779003143,2,-1
1656092366617,44736.735725,1,0670128622,88:6B:0F:A6:E6:2F,0,0,42.406291962,-83.563323975,42.406291962,-83.56338501,7.1500000954,3.532633543,-0.020364560187,6.0484294891,244.92658997,0,39.399230957,2,-1
1656092366951,44736.735729,1,0670128622,88:6B:0F:A6:E6:2F,0,0,42.406288147,-83.563339233,42.406291962,-83.563369751,7.1500000954,3.5217654705,0.27325063944,5.859544754,244.29164124,0,47.907924652,2,-1
1656092367285,44736.735732,1,0670128622,88:6B:0F:A6:E6:2F,0,0,42.406288147,-83.563346863,42.406295776,-83.563354492,7.1500000954,3.5518698692,0.13150419295,5.9052805901,244.93266296,0,52.743560791,2,-1
1656092367620,44736.735736,1,0670128622,88:6B:0F:A6:E6:2F,0,0,42.406284332,-83.563362122,42.406299591,-83.563339233,7.1500000954,3.745518446,0.25566238165,5.8432555199,244.87704468,0,55.106586456,2,-1
1656092367953,44736.73574,1,0670128622,88:6B:0F:A6:E6:2F,0,0,42.406280518,-83.56337738,42.406299591,-83.563331604,7.1500000954,3.8098390102,0.20169781148,5.8615045547,244.55451965,0,58.239715576,2,-1
1656092368287,44736.735744,1,0670128622,88:6B:0F:A6:E6:2F,0,0,42.406280518,-83.563392639,42.406303406,-83.563316345,7.1500000954,3.8121545315,0.19178628922,5.870218277,244.45239258,0,66.090393066,2,-1
1656092368630,44736.735748,1,0670128622,88:6B:0F:A6:E6:2F,0,0,42.406276703,-83.563407898,42.406303406,-83.563301086,7.1500000954,3.9165768623,0.2073700726,5.8647356033,244.99836731,0,76.731559753,2,-1
1656092368938,44736.735752,1,0670128622,88:6B:0F:A6:E6:2F,0,0,42.406272888,-83.563423157,42.406303406,-83.563285828,7.1500000954,4.0322995186,0.26308557391,5.8318676949,244.7698822,0,86.604652405,2,-1
1656092369297,44736.735756,1,0670128622,88:6B:0F:A6:E6:2F,0,0,42.406269073,-83.563438416,42.40630722,-83.563278198,7.1500000954,3.8272066116,0.32633340359,5.791384697,245.03477478,0,98.749336243,2,-1
1656092369610,44736.735759,1,0670128622,88:6B:0F:A6:E6:2F,0,0,42.406265259,-83.563453674,42.40630722,-83.563262939,7.1500000954,3.6789057255,0.5356836915,5.6623954773,245.15911865,0,117.20219421,2,-1
1656092369943,44736.735763,1,0670128622,88:6B:0F:A6:E6:2F,0,0,42.406261444,-83.563461304,42.40630722,-83.563247681,7.1500000954,3.545352459,0.42520430684,5.7067379951,244.6869812,0,135.03977966,2,-1
1656092370277,44736.735767,1,0670128622,88:6B:0F:A6:E6:2F,0,0,42.406257629,-83.563476562,42.406303406,-83.563240051,7.1500000954,3.5929312706,0.43786686659,5.7078442574,245.49073792,0,141.04243469,2,-1
1656092370611,44736.735771,1,0670128622,88:6B:0F:A6:E6:2F,0,0,42.406253815,-83.563491821,42.406295776,-83.563232422,7.1500000954,3.6269655228,0.49294617772,5.6779670715,245.25720215,0,141.46095276,2,-1
1656092370945,44736.735775,1,0670128622,88:6B:0F:A6:E6:2F,0,0,42.40625,-83.56350708,42.406291962,-83.563232422,7.1500000954,3.7003288269,0.4601328671,5.6926765442,244.97108459,0,140.49215698,2,-1
1656092371290,44736.735779,1,0670128622,88:6B:0F:A6:E6:2F,0,0,42.406246185,-83.563522339,42.406291962,-83.563240051,7.1500000954,3.6525802612,0.38791483641,5.7325782776,245.12171936,0,133.84336853,2,-1
1656092371624,44736.735783,1,0670128622,88:6B:0F:A6:E6:2F,0,0,42.406242371,-83.563537598,42.406295776,-83.563247681,7.1500000954,3.6132991314,0.40341565013,5.7313318253,245.32998657,0,112.81027222,2,-1
1656092371957,44736.735787,1,0670128622,88:6B:0F:A6:E6:2F,0,0,42.406238556,-83.563545227,42.406299591,-83.563262939,7.1500000954,3.5684928894,0.023847337812,5.9563760757,245.69293213,0,85.2057724,2,-1
1656092372301,44736.735791,1,0670128622,88:6B:0F:A6:E6:2F,0,0,42.406234741,-83.563560486,42.406303406,-83.563270569,7.1500000954,3.5539264679,0.013608472422,5.9846777916,245.91937256,0,71.627304077,2,-1
1656092372611,44736.735794,1,0670128622,88:6B:0F:A6:E6:2F,0,0,42.406234741,-83.563575745,42.406303406,-83.563285828,7.1500000954,3.5528831482,-0.066003575921,6.0332713127,245.823349,0,67.751113892,2,-1
1656092372945,44736.735798,1,0670128622,88:6B:0F:A6:E6:2F,0,0,42.406230927,-83.563583374,42.406299591,-83.563301086,7.1500000954,3.4834494591,-0.062177881598,6.0399723053,245.81930542,0,66.322372437,2,-1
1656092373279,44736.735802,1,0670128622,88:6B:0F:A6:E6:2F,0,0,42.406223297,-83.563598633,42.406295776,-83.563308716,7.1500000954,3.4951455593,-0.24278984964,6.1456036568,246.08314514,0,68.802902222,2,-1
1656092373612,44736.735806,1,0670128622,88:6B:0F:A6:E6:2F,0,0,42.406223297,-83.563613892,42.406291962,-83.563323975,7.1500000954,3.5065696239,-0.34453243017,6.2144784927,246.6330719,0,84.190788269,2,-1
1656092373946,44736.73581,1,0670128622,88:6B:0F:A6:E6:2F,0,0,42.406219482,-83.56362915,42.406288147,-83.563339233,7.1500000954,3.4488101006,-0.58981120586,6.3608775139,246.32678223,0,105.51972198,2,-1
1656092374280,44736.735813,1,0670128622,88:6B:0F:A6:E6:2F,0,0,42.406215668,-83.56363678,42.406288147,-83.563346863,7.1500000954,3.51111269,-0.92041325569,6.6041193008,246.55523682,0,120.46981049,2,-1
1656092374614,44736.735817,1,0670128622,88:6B:0F:A6:E6:2F,0,0,42.406211853,-83.563652039,42.406284332,-83.563362122,7.1500000954,3.5452787876,-0.63731652498,6.4573001862,245.51298523,0,123.87966919,2,-1
1656092374955,44736.735821,1,0670128622,88:6B:0F:A6:E6:2F,0,0,42.406208038,-83.563667297,42.406280518,-83.56337738,7.1500000954,3.3826899529,-0.25725853443,6.2232022285,245.13485718,0,123.61669159,2,-1
1656092375289,44736.735825,1,0670128622,88:6B:0F:A6:E6:2F,0,0,42.406200409,-83.563674927,42.406280518,-83.563392639,7.1500000954,3.3047699928,0.15711398423,5.9242072105,245.50489807,0,117.07007599,2,-1
1656092375622,44736.735829,1,0670128622,88:6B:0F:A6:E6:2F,0,0,42.406196594,-83.563690186,42.406276703,-83.563407898,7.1500000954,3.3489749432,0.31062686443,5.8166646957,245.09341431,0,99.546325684,2,-1
1656092375956,44736.735833,1,0670128622,88:6B:0F:A6:E6:2F,0,0,42.40619278,-83.563697815,42.406272888,-83.563423157,7.1500000954,3.4590666294,0.47083997726,5.7097229958,245.7374115,0,80.714508057,2,-1
1656092376290,44736.735837,1,0670128622,88:6B:0F:A6:E6:2F,0,0,42.406188965,-83.563713074,42.406269073,-83.563438416,7.1500000954,3.5599658489,0.6752833128,5.5787372589,246.18930054,0,65.937240601,2,-1
1656092376624,44736.735841,1,0670128622,88:6B:0F:A6:E6:2F,0,0,42.40618515,-83.563728333,42.406265259,-83.563453674,7.1500000954,3.5369608402,0.63202464581,5.5713467598,246.39651489,0,46.823059082,2,-1
1656092376957,44736.735844,1,0670128622,88:6B:0F:A6:E6:2F,0,0,42.406181335,-83.563743591,42.406261444,-83.563461304,7.1500000954,3.5224366188,0.41671493649,5.6949043274,246.13572693,0,30.889450073,2,-1
1656092377291,44736.735848,1,0670128622,88:6B:0F:A6:E6:2F,0,0,42.406181335,-83.563751221,42.406257629,-83.563476562,7.1500000954,3.6439363956,0.34225213528,5.7579164505,246.21153259,0,21.446006775,2,-1
1656092377626,44736.735852,1,0670128622,88:6B:0F:A6:E6:2F,0,0,42.406177521,-83.563766479,42.406253815,-83.563491821,7.1500000954,3.5796072483,0.24284653366,5.8246054649,246.07000732,0,16.308187485,2,-1
1656092377960,44736.735856,1,0670128622,88:6B:0F:A6:E6:2F,0,0,42.406177521,-83.563781738,42.40625,-83.56350708,7.1500000954,3.5110116005,0.14360840619,5.8898525238,246.02856445,0,12.762374878,2,-1
1656092378300,44736.73586,1,0670128622,88:6B:0F:A6:E6:2F,0,0,42.406173706,-83.563796997,42.406246185,-83.563522339,7.1500000954,3.4985952377,0.075293913484,5.9389595985,246.10235596,0,9.381696701,2,-1
1656092378645,44736.735864,1,0670128622,88:6B:0F:A6:E6:2F,0,0,42.406173706,-83.563812256,42.406242371,-83.563537598,7.1500000954,3.4694180489,-0.032441303134,6.0066738129,245.94566345,0,6.5279397964,2,-1
1656092378954,44736.735868,1,0670128622,88:6B:0F:A6:E6:2F,0,0,42.406173706,-83.563819885,42.406238556,-83.563545227,7.1500000954,3.5462257862,-0.17660011351,6.1175169945,246.02047729,0,4.2120718956,2,-1
1656092379288,44736.735871,1,0670128622,88:6B:0F:A6:E6:2F,0,0,42.406169891,-83.563835144,42.406234741,-83.563560486,7.1500000954,3.3810229301,-0.010922241956,6.0272216797,246.51480103,0,2.5421802998,2,-1
1656092379621,44736.735875,1,0670128622,88:6B:0F:A6:E6:2F,0,0,42.406166077,-83.563850403,42.406234741,-83.563575745,7.1500000954,3.2526385784,0.26456141472,5.8604536057,246.17514038,0,1.4042514563,2,-1
1656092379955,44736.735879,1,0670128622,88:6B:0F:A6:E6:2F,0,0,42.406162262,-83.563865662,42.406230927,-83.563583374,7.1500000954,3.2917325497,0.31644013524,5.7881946564,246.40057373,0,0,2,-1
1656092380289,44736.735883,1,0670128622,88:6B:0F:A6:E6:2F,0,0,42.406162262,-83.56388092,42.406223297,-83.563598633,7.1500000954,3.3811659813,0.24656525254,5.8270440102,246.53097534,0,0,2,-1
1656092380628,44736.735887,1,0670128622,88:6B:0F:A6:E6:2F,0,0,42.406162262,-83.563896179,42.406223297,-83.563613892,7.1500000954,3.4623343945,0.240159899,5.8375692368,246.41775513,0,0,2,-1
1656092380968,44736.735891,1,0670128622,88:6B:0F:A6:E6:2F,0,0,42.406158447,-83.563903809,42.406219482,-83.56362915,7.1500000954,3.4480223656,0.23675462604,5.8413324356,246.19737244,0,0,2,-1
1656092381280,44736.735894,1,0670128622,88:6B:0F:A6:E6:2F,0,0,42.406158447,-83.563919067,42.406215668,-83.56363678,7.1500000954,3.4456655979,-0.0101005584,5.9816193581,246.85545349,0,0,2,-1
1656092381645,44736.735899,1,0670128622,88:6B:0F:A6:E6:2F,0,0,42.406158447,-83.563934326,42.406211853,-83.563652039,7.1500000954,3.5899295807,-0.25280785561,6.134727478,247.3780365,0,0,2,-1
1656092381954,44736.735902,1,0670128622,88:6B:0F:A6:E6:2F,0,0,42.406158447,-83.563949585,42.406208038,-83.563667297,7.1500000954,3.713249445,-0.34585762024,6.2132349014,247.23046875,0,0,2,-1
1656092382287,44736.735906,1,0670128622,88:6B:0F:A6:E6:2F,0,0,42.406158447,-83.563964844,42.406200409,-83.563674927,7.1500000954,3.7324097157,-0.3400952518,6.2285408974,246.93632507,0,2.3971962929,2,-1
1656092382622,44736.73591,1,0670128622,88:6B:0F:A6:E6:2F,0,0,42.406162262,-83.563980103,42.406196594,-83.563690186,7.1500000954,3.5703947544,-0.26956567168,6.1885433197,247.55592346,0,3.3015608788,2,-1
1656092382956,44736.735914,1,0670128622,88:6B:0F:A6:E6:2F,0,0,42.406162262,-83.563995361,42.40619278,-83.563697815,7.1500000954,3.4630870819,-0.1726129204,6.128364563,247.50639343,0,3.8579511642,2,-1
1656092383290,44736.735918,1,0670128622,88:6B:0F:A6:E6:2F,0,0,42.406162262,-83.56401062,42.406188965,-83.563713074,7.1500000954,3.3658390045,-0.10888066888,6.0826764107,246.89486694,0,4.096165657,2,-1
1656092383624,44736.735922,1,0670128622,88:6B:0F:A6:E6:2F,0,0,42.406158447,-83.564025879,42.40618515,-83.563728333,7.1500000954,3.3270719051,-0.095470651984,6.0608286858,246.37733459,0,4.0985794067,2,-1
1656092383973,44736.735926,1,0670128622,88:6B:0F:A6:E6:2F,0,0,42.406154633,-83.564033508,42.406181335,-83.563743591,7.1500000954,3.399056673,-0.019662518054,6.0217404366,246.79176331,0,4.0410661697,2,-1
1656092384281,44736.735929,1,0670128622,88:6B:0F:A6:E6:2F,0,0,42.406150818,-83.564048767,42.406181335,-83.563751221,7.1500000954,3.3807795048,0.31595528126,5.8313970566,246.40966797,0,3.6506659985,2,-1
1656092384640,44736.735933,1,0670128622,88:6B:0F:A6:E6:2F,0,0,42.406143188,-83.564064026,42.406177521,-83.563766479,7.1500000954,3.231637001,0.62745541334,5.5795497894,246.82513428,0,2.0853126049,2,-1
1656092384954,44736.735937,1,0670128622,88:6B:0F:A6:E6:2F,0,0,42.406143188,-83.564071655,42.406177521,-83.563781738,7.1500000954,3.3184678555,0.36939564347,5.7222280502,246.92115784,0,0,2,-1
1656092385295,44736.735941,1,0670128622,88:6B:0F:A6:E6:2F,0,0,42.406139374,-83.564086914,42.406173706,-83.563796997,7.1500000954,3.571586132,0.21318855882,5.8633375168,247.21833801,0,0,2,-1
1656092385629,44736.735945,1,0670128622,88:6B:0F:A6:E6:2F,0,0,42.406135559,-83.564102173,42.406173706,-83.563812256,7.1500000954,3.7789962292,0.1035220325,5.9433221817,247.47808838,0,0,2,-1
1656092385963,44736.735949,1,0670128622,88:6B:0F:A6:E6:2F,0,0,42.406131744,-83.564117432,42.406173706,-83.563819885,7.1500000954,3.767500639,0.13307718933,5.9423141479,247.35176086,0,0,2,-1
1656092386296,44736.735952,1,0670128622,88:6B:0F:A6:E6:2F,0,0,42.40612793,-83.564125061,42.406169891,-83.563835144,7.1500000954,3.5490295887,1.2455132008,5.9050803185,247.54986572,0,0,2,-1
1656092386630,44736.735956,1,0670128622,88:6B:0F:A6:E6:2F,0,0,42.406124115,-83.56414032,42.406166077,-83.563850403,7.1500000954,3.1510505676,1.5,5.7962503433,246.77255249,0,0,2,-1
1656092386964,44736.73596,1,0670128622,88:6B:0F:A6:E6:2F,0,0,42.4061203,-83.564147949,42.406162262,-83.563865662,7.1500000954,3.0276012421,1.5,6.0670275688,248.04814148,0,0,2,-1
1656092387298,44736.735964,1,0670128622,88:6B:0F:A6:E6:2F,0,0,42.4061203,-83.564163208,42.406162262,-83.56388092,7.1500000954,3.0898523331,1.5,6.3568468094,247.70349121,0,0,2,-1
1656092387634,44736.735968,1,0670128622,88:6B:0F:A6:E6:2F,0,0,42.406116486,-83.564170837,42.406162262,-83.563896179,7.1500000954,3.3124482632,1.5,6.6895208359,248.8414917,0,0,2,-1
1656092387968,44736.735972,1,0670128622,88:6B:0F:A6:E6:2F,0,0,42.406112671,-83.564186096,42.406158447,-83.563903809,7.1500000954,4.1760292053,1.5,7.7456831932,250.02786255,0,0,2,-1
1656092396962,44736.736076,1,0670128622,88:6B:0F:A6:E6:2F,0,0,42.406349182,-83.564666748,42.406070709,-83.564323425,7.1500000954,4.7203912735,-1.5,7.3984184265,244.23400879,0,0,2,-1
1656092397296,44736.73608,1,0670128622,88:6B:0F:A6:E6:2F,0,0,42.406352997,-83.564651489,42.406066895,-83.564353943,7.1500000954,4.429420948,-1.5,7.191617012,244.57878113,0,0,2,-1
1656092406307,44736.736184,1,0670128622,88:6B:0F:A6:E6:2F,0,0,42.406352997,-83.564735413,42.406364441,-83.564590454,7.1500000954,0.66398411989,-1.5,7.904460907,244.63540649,0,0,2,-1
1656092406641,44736.736188,1,0670128622,88:6B:0F:A6:E6:2F,0,0,42.406352997,-83.564727783,42.406360626,-83.564582825,7.1500000954,0.76899939775,-1.5,7.3901004791,244.40083313,0,0,2,-1
1656092406956,44736.736192,1,0670128622,88:6B:0F:A6:E6:2F,0,0,42.406352997,-83.564727783,42.406360626,-83.564582825,7.1500000954,0.7600620985,-1.5,7.2196726799,244.1783905,0,0,2,-1
1656092407289,44736.736195,1,0670128622,88:6B:0F:A6:E6:2F,0,0,42.406352997,-83.564727783,42.406356812,-83.564590454,7.1500000954,0.69997251034,-1.5,6.8081026077,242.90022278,0,0,2,-1
1656092407631,44736.736199,1,0670128622,88:6B:0F:A6:E6:2F,0,0,42.406352997,-83.564720154,42.406356812,-83.564598083,7.1500000954,1.0205124617,-1.5,6.2097883224,242.46534729,0,0,2,-1
1656092407964,44736.736203,1,0670128622,88:6B:0F:A6:E6:2F,0,0,42.406352997,-83.564720154,42.406356812,-83.564605713,7.1500000954,1.4066623449,-1.5,5.529756546,241.43475342,0,0,2,-1
1656092408298,44736.736207,1,0670128622,88:6B:0F:A6:E6:2F,0,0,42.406352997,-83.564712524,42.406356812,-83.564628601,7.1500000954,1.5556868315,-1.5,5.1468029022,241.2698822,0,0,2,-1
1656092408632,44736.736211,1,0670128622,88:6B:0F:A6:E6:2F,0,0,42.406352997,-83.564704895,42.406352997,-83.56463623,7.1500000954,1.6810241938,-1.3500021696,4.6447949409,241.60467529,0,0,2,-1
